{
  "Meses": [
    "Janeiro",  "Fevereiro",
    "Março",    "Abril",
    "Maio",     "Junho",
    "Julho",    "Agosto",
    "Setembro", "Outubro",
    "Novembro", "Dezembro"
  ],
  "QMLT": [
    0.13299, 0.16475,
    0.16739, 0.1532,
    0.10796, 0.07531,
    0.05364, 0.02711,
    0.0073, 0.00284,
    0.03111, 0.07213
  ],
"Q_defluente": [
    0.066, 0.075, 0.076,
    0.072, 0.059,  0.05,
    0.044, 0.036,  0.03,
    0.029, 0.037, 0.049
  ],
  "Dias": [31, 28, 31, 30, 31, 30, 31, 31, 30, 31, 30, 31]
}